"","Year","ORF","DominantCommunity","emmean","SE","df","lower.CL","upper.CL",".group"
"1","14","Type_1","Cladocopium-dominated",-1.67759979978154,0.117718940175359,78,-1.91196020677327,-1.44323939278981,"  23"
"7","14","Type_1","Durusdinium-dominated",-1.5490790917321,0.0943851304436423,78,-1.73698545201523,-1.36117273144897,"   3"
"4","14","Type_3","Cladocopium-dominated",-1.66013968073065,0.144175668245424,78,-1.94717138725102,-1.37310797421028,"  23"
"2","15","Type_1","Cladocopium-dominated",-1.45092549299272,0.117718940175359,78,-1.68528589998446,-1.21656508600099,"   3"
"8","15","Type_1","Durusdinium-dominated",-1.38299221439931,0.0943851304436423,78,-1.57089857468244,-1.19508585411617,"   3"
"5","15","Type_3","Cladocopium-dominated",-2.22754516663935,0.144175668245424,78,-2.51457687315972,-1.94051346011898," 12 "
"3","16","Type_1","Cladocopium-dominated",-1.69039366830941,0.249719582616269,78,-2.18754716738589,-1.19324016923293," 123"
"9","16","Type_1","Durusdinium-dominated",-1.58777946444629,0.0770651362976514,78,-1.74120436515204,-1.43435456374054,"   3"
"6","16","Type_3","Cladocopium-dominated",-2.43817562670567,0.144175668245424,78,-2.72520733322604,-2.1511439201853," 1  "
